value,red,green,blue
0,000,000,000
1,255,000,000
2,255,001,000
3,255,002,000
4,255,003,000
5,255,004,000
6,255,005,000
7,255,006,000
8,255,007,000
9,255,008,000
10,255,009,000
11,255,010,000
12,255,011,000
13,255,012,000
14,255,013,000
15,255,014,000
16,255,015,000
17,255,016,000
18,255,017,000
19,255,018,000
20,255,019,000
21,255,020,000
22,255,021,000
23,255,022,000
24,255,023,000
25,255,024,000
26,255,025,000
27,255,026,000
28,255,027,000
29,255,028,000
30,255,029,000
31,255,030,000
32,255,031,000
33,255,032,000
34,255,033,000
35,255,034,000
36,255,035,000
37,255,036,000
38,255,037,000
39,255,038,000
40,255,039,000
41,255,040,000
42,255,041,000
43,255,042,000
44,255,043,000
45,255,044,000
46,255,045,000
47,255,046,000
48,255,047,000
49,255,048,000
50,255,049,000
51,255,050,000
52,255,051,000
53,255,052,000
54,255,053,000
55,255,054,000
56,255,055,000
57,255,056,000
58,255,057,000
59,255,058,000
60,255,059,000
61,255,060,000
62,255,061,000
63,255,062,000
64,255,063,000
65,255,064,000
66,255,065,000
67,255,066,000
68,255,067,000
69,255,068,000
70,255,069,000
71,255,070,000
72,255,071,000
73,255,072,000
74,255,073,000
75,255,074,000
76,255,075,000
77,255,076,000
78,255,077,000
79,255,078,000
80,255,079,000
81,255,080,000
82,255,081,000
83,255,082,000
84,255,083,000
85,255,084,000
86,255,085,000
87,255,086,000
88,255,087,000
89,255,088,000
90,255,089,000
91,255,090,000
92,255,091,000
93,255,092,000
94,255,093,000
95,255,094,000
96,255,095,000
97,255,096,000
98,255,097,000
99,255,098,000
100,255,099,000
101,255,100,000
102,255,101,000
103,255,102,000
104,255,103,000
105,255,104,000
106,255,105,000
107,255,106,000
108,255,107,000
109,255,108,000
110,255,109,000
111,255,110,000
112,255,111,000
113,255,112,000
114,255,113,000
115,255,114,000
116,255,115,000
117,255,116,000
118,255,117,000
119,255,118,000
120,255,119,000
121,255,120,000
122,255,121,000
123,255,122,000
124,255,123,000
125,255,124,000
126,255,125,000
127,255,126,000
128,255,127,000
129,255,128,000
130,255,129,000
131,255,130,000
132,255,131,000
133,255,132,000
134,255,133,000
135,255,134,000
136,255,135,000
137,255,136,000
138,255,137,000
139,255,138,000
140,255,139,000
141,255,140,000
142,255,141,000
143,255,142,000
144,255,143,000
145,255,144,000
146,255,145,000
147,255,146,000
148,255,147,000
149,255,148,000
150,255,149,000
151,255,150,000
152,255,151,000
153,255,152,000
154,255,153,000
155,255,154,000
156,255,155,000
157,255,156,000
158,255,157,000
159,255,158,000
160,255,159,000
161,255,160,000
162,255,161,000
163,255,162,000
164,255,163,000
165,255,164,000
166,255,165,000
167,255,166,000
168,255,167,000
169,255,168,000
170,255,169,000
171,255,170,000
172,255,171,000
173,255,172,000
174,255,173,000
175,255,174,000
176,255,175,000
177,255,176,000
178,255,177,000
179,255,178,000
180,255,179,000
181,255,180,000
182,255,181,000
183,255,182,000
184,255,183,000
185,255,184,000
186,255,185,000
187,255,186,000
188,255,187,000
189,255,188,000
190,255,189,000
191,255,190,000
192,255,191,000
193,255,192,000
194,255,193,000
195,255,194,000
196,255,195,000
197,255,196,000
198,255,197,000
199,255,198,000
200,255,199,000
201,255,200,000
202,255,201,000
203,255,202,000
204,255,203,000
205,255,204,000
206,255,205,000
207,255,206,000
208,255,207,000
209,255,208,000
210,255,209,000
211,255,210,000
212,255,211,000
213,255,212,000
214,255,213,000
215,255,214,000
216,255,215,000
217,255,216,000
218,255,217,000
219,255,218,000
220,255,219,000
221,255,220,000
222,255,221,000
223,255,222,000
224,255,223,000
225,255,224,000
226,255,225,000
227,255,226,000
228,255,227,000
229,255,228,000
230,255,229,000
231,255,230,000
232,255,231,000
233,255,232,000
234,255,233,000
235,255,234,000
236,255,235,000
237,255,236,000
238,255,237,000
239,255,238,000
240,255,239,000
241,255,240,000
242,255,241,000
243,255,242,000
244,255,243,000
245,255,244,000
246,255,245,000
247,255,246,000
248,255,247,000
249,255,248,000
250,255,249,000
251,255,250,000
252,255,251,000
253,255,252,000
254,255,253,000
255,255,254,000
256,255,255,000
257,254,255,000
258,253,255,000
259,252,255,000
260,251,255,000
261,250,255,000
262,249,255,000
263,248,255,000
264,247,255,000
265,246,255,000
266,245,255,000
267,244,255,000
268,243,255,000
269,242,255,000
270,241,255,000
271,240,255,000
272,239,255,000
273,238,255,000
274,237,255,000
275,236,255,000
276,235,255,000
277,234,255,000
278,233,255,000
279,232,255,000
280,231,255,000
281,230,255,000
282,229,255,000
283,228,255,000
284,227,255,000
285,226,255,000
286,225,255,000
287,224,255,000
288,223,255,000
289,222,255,000
290,221,255,000
291,220,255,000
292,219,255,000
293,218,255,000
294,217,255,000
295,216,255,000
296,215,255,000
297,214,255,000
298,213,255,000
299,212,255,000
300,211,255,000
301,210,255,000
302,209,255,000
303,208,255,000
304,207,255,000
305,206,255,000
306,205,255,000
307,204,255,000
308,203,255,000
309,202,255,000
310,201,255,000
311,200,255,000
312,199,255,000
313,198,255,000
314,197,255,000
315,196,255,000
316,195,255,000
317,194,255,000
318,193,255,000
319,192,255,000
320,191,255,000
321,190,255,000
322,189,255,000
323,188,255,000
324,187,255,000
325,186,255,000
326,185,255,000
327,184,255,000
328,183,255,000
329,182,255,000
330,181,255,000
331,180,255,000
332,179,255,000
333,178,255,000
334,177,255,000
335,176,255,000
336,175,255,000
337,174,255,000
338,173,255,000
339,172,255,000
340,171,255,000
341,170,255,000
342,169,255,000
343,168,255,000
344,167,255,000
345,166,255,000
346,165,255,000
347,164,255,000
348,163,255,000
349,162,255,000
350,161,255,000
351,160,255,000
352,159,255,000
353,158,255,000
354,157,255,000
355,156,255,000
356,155,255,000
357,154,255,000
358,153,255,000
359,152,255,000
360,151,255,000
361,150,255,000
362,149,255,000
363,148,255,000
364,147,255,000
365,146,255,000
366,145,255,000
367,144,255,000
368,143,255,000
369,142,255,000
370,141,255,000
371,140,255,000
372,139,255,000
373,138,255,000
374,137,255,000
375,136,255,000
376,135,255,000
377,134,255,000
378,133,255,000
379,132,255,000
380,131,255,000
381,130,255,000
382,129,255,000
383,128,255,000
384,127,255,000
385,126,255,000
386,125,255,000
387,124,255,000
388,123,255,000
389,122,255,000
390,121,255,000
391,120,255,000
392,119,255,000
393,118,255,000
394,117,255,000
395,116,255,000
396,115,255,000
397,114,255,000
398,113,255,000
399,112,255,000
400,111,255,000
401,110,255,000
402,109,255,000
403,108,255,000
404,107,255,000
405,106,255,000
406,105,255,000
407,104,255,000
408,103,255,000
409,102,255,000
410,101,255,000
411,100,255,000
412,099,255,000
413,098,255,000
414,097,255,000
415,096,255,000
416,095,255,000
417,094,255,000
418,093,255,000
419,092,255,000
420,091,255,000
421,090,255,000
422,089,255,000
423,088,255,000
424,087,255,000
425,086,255,000
426,085,255,000
427,084,255,000
428,083,255,000
429,082,255,000
430,081,255,000
431,080,255,000
432,079,255,000
433,078,255,000
434,077,255,000
435,076,255,000
436,075,255,000
437,074,255,000
438,073,255,000
439,072,255,000
440,071,255,000
441,070,255,000
442,069,255,000
443,068,255,000
444,067,255,000
445,066,255,000
446,065,255,000
447,064,255,000
448,063,255,000
449,062,255,000
450,061,255,000
451,060,255,000
452,059,255,000
453,058,255,000
454,057,255,000
455,056,255,000
456,055,255,000
457,054,255,000
458,053,255,000
459,052,255,000
460,051,255,000
461,050,255,000
462,049,255,000
463,048,255,000
464,047,255,000
465,046,255,000
466,045,255,000
467,044,255,000
468,043,255,000
469,042,255,000
470,041,255,000
471,040,255,000
472,039,255,000
473,038,255,000
474,037,255,000
475,036,255,000
476,035,255,000
477,034,255,000
478,033,255,000
479,032,255,000
480,031,255,000
481,030,255,000
482,029,255,000
483,028,255,000
484,027,255,000
485,026,255,000
486,025,255,000
487,024,255,000
488,023,255,000
489,022,255,000
490,021,255,000
491,020,255,000
492,019,255,000
493,018,255,000
494,017,255,000
495,016,255,000
496,015,255,000
497,014,255,000
498,013,255,000
499,012,255,000
500,011,255,000
501,010,255,000
502,009,255,000
503,008,255,000
504,007,255,000
505,006,255,000
506,005,255,000
507,004,255,000
508,003,255,000
509,002,255,000
510,001,255,000
511,000,255,000
512,000,255,001
513,000,255,002
514,000,255,003
515,000,255,004
516,000,255,005
517,000,255,006
518,000,255,007
519,000,255,008
520,000,255,009
521,000,255,010
522,000,255,011
523,000,255,012
524,000,255,013
525,000,255,014
526,000,255,015
527,000,255,016
528,000,255,017
529,000,255,018
530,000,255,019
531,000,255,020
532,000,255,021
533,000,255,022
534,000,255,023
535,000,255,024
536,000,255,025
537,000,255,026
538,000,255,027
539,000,255,028
540,000,255,029
541,000,255,030
542,000,255,031
543,000,255,032
544,000,255,033
545,000,255,034
546,000,255,035
547,000,255,036
548,000,255,037
549,000,255,038
550,000,255,039
551,000,255,040
552,000,255,041
553,000,255,042
554,000,255,043
555,000,255,044
556,000,255,045
557,000,255,046
558,000,255,047
559,000,255,048
560,000,255,049
561,000,255,050
562,000,255,051
563,000,255,052
564,000,255,053
565,000,255,054
566,000,255,055
567,000,255,056
568,000,255,057
569,000,255,058
570,000,255,059
571,000,255,060
572,000,255,061
573,000,255,062
574,000,255,063
575,000,255,064
576,000,255,065
577,000,255,066
578,000,255,067
579,000,255,068
580,000,255,069
581,000,255,070
582,000,255,071
583,000,255,072
584,000,255,073
585,000,255,074
586,000,255,075
587,000,255,076
588,000,255,077
589,000,255,078
590,000,255,079
591,000,255,080
592,000,255,081
593,000,255,082
594,000,255,083
595,000,255,084
596,000,255,085
597,000,255,086
598,000,255,087
599,000,255,088
600,000,255,089
601,000,255,090
602,000,255,091
603,000,255,092
604,000,255,093
605,000,255,094
606,000,255,095
607,000,255,096
608,000,255,097
609,000,255,098
610,000,255,099
611,000,255,100
612,000,255,101
613,000,255,102
614,000,255,103
615,000,255,104
616,000,255,105
617,000,255,106
618,000,255,107
619,000,255,108
620,000,255,109
621,000,255,110
622,000,255,111
623,000,255,112
624,000,255,113
625,000,255,114
626,000,255,115
627,000,255,116
628,000,255,117
629,000,255,118
630,000,255,119
631,000,255,120
632,000,255,121
633,000,255,122
634,000,255,123
635,000,255,124
636,000,255,125
637,000,255,126
638,000,255,127
639,000,255,128
640,000,255,129
641,000,255,130
642,000,255,131
643,000,255,132
644,000,255,133
645,000,255,134
646,000,255,135
647,000,255,136
648,000,255,137
649,000,255,138
650,000,255,139
651,000,255,140
652,000,255,141
653,000,255,142
654,000,255,143
655,000,255,144
656,000,255,145
657,000,255,146
658,000,255,147
659,000,255,148
660,000,255,149
661,000,255,150
662,000,255,151
663,000,255,152
664,000,255,153
665,000,255,154
666,000,255,155
667,000,255,156
668,000,255,157
669,000,255,158
670,000,255,159
671,000,255,160
672,000,255,161
673,000,255,162
674,000,255,163
675,000,255,164
676,000,255,165
677,000,255,166
678,000,255,167
679,000,255,168
680,000,255,169
681,000,255,170
682,000,255,171
683,000,255,172
684,000,255,173
685,000,255,174
686,000,255,175
687,000,255,176
688,000,255,177
689,000,255,178
690,000,255,179
691,000,255,180
692,000,255,181
693,000,255,182
694,000,255,183
695,000,255,184
696,000,255,185
697,000,255,186
698,000,255,187
699,000,255,188
700,000,255,189
701,000,255,190
702,000,255,191
703,000,255,192
704,000,255,193
705,000,255,194
706,000,255,195
707,000,255,196
708,000,255,197
709,000,255,198
710,000,255,199
711,000,255,200
712,000,255,201
713,000,255,202
714,000,255,203
715,000,255,204
716,000,255,205
717,000,255,206
718,000,255,207
719,000,255,208
720,000,255,209
721,000,255,210
722,000,255,211
723,000,255,212
724,000,255,213
725,000,255,214
726,000,255,215
727,000,255,216
728,000,255,217
729,000,255,218
730,000,255,219
731,000,255,220
732,000,255,221
733,000,255,222
734,000,255,223
735,000,255,224
736,000,255,225
737,000,255,226
738,000,255,227
739,000,255,228
740,000,255,229
741,000,255,230
742,000,255,231
743,000,255,232
744,000,255,233
745,000,255,234
746,000,255,235
747,000,255,236
748,000,255,237
749,000,255,238
750,000,255,239
751,000,255,240
752,000,255,241
753,000,255,242
754,000,255,243
755,000,255,244
756,000,255,245
757,000,255,246
758,000,255,247
759,000,255,248
760,000,255,249
761,000,255,250
762,000,255,251
763,000,255,252
764,000,255,253
765,000,255,254
766,000,255,254
767,000,255,255
768,000,254,255
769,000,253,255
770,000,252,255
771,000,251,255
772,000,250,255
773,000,249,255
774,000,248,255
775,000,247,255
776,000,246,255
777,000,245,255
778,000,244,255
779,000,243,255
780,000,242,255
781,000,241,255
782,000,240,255
783,000,239,255
784,000,238,255
785,000,237,255
786,000,236,255
787,000,235,255
788,000,234,255
789,000,233,255
790,000,232,255
791,000,231,255
792,000,230,255
793,000,229,255
794,000,228,255
795,000,227,255
796,000,226,255
797,000,225,255
798,000,224,255
799,000,223,255
800,000,222,255
801,000,221,255
802,000,220,255
803,000,219,255
804,000,218,255
805,000,217,255
806,000,216,255
807,000,215,255
808,000,214,255
809,000,213,255
810,000,212,255
811,000,211,255
812,000,210,255
813,000,209,255
814,000,208,255
815,000,207,255
816,000,206,255
817,000,205,255
818,000,204,255
819,000,203,255
820,000,202,255
821,000,201,255
822,000,200,255
823,000,199,255
824,000,198,255
825,000,197,255
826,000,196,255
827,000,195,255
828,000,194,255
829,000,193,255
830,000,192,255
831,000,191,255
832,000,190,255
833,000,189,255
834,000,188,255
835,000,187,255
836,000,186,255
837,000,185,255
838,000,184,255
839,000,183,255
840,000,182,255
841,000,181,255
842,000,180,255
843,000,179,255
844,000,178,255
845,000,177,255
846,000,176,255
847,000,175,255
848,000,174,255
849,000,173,255
850,000,172,255
851,000,171,255
852,000,170,255
853,000,169,255
854,000,168,255
855,000,167,255
856,000,166,255
857,000,165,255
858,000,164,255
859,000,163,255
860,000,162,255
861,000,161,255
862,000,160,255
863,000,159,255
864,000,158,255
865,000,157,255
866,000,156,255
867,000,155,255
868,000,154,255
869,000,153,255
870,000,152,255
871,000,151,255
872,000,150,255
873,000,149,255
874,000,148,255
875,000,147,255
876,000,146,255
877,000,145,255
878,000,144,255
879,000,143,255
880,000,142,255
881,000,141,255
882,000,140,255
883,000,139,255
884,000,138,255
885,000,137,255
886,000,136,255
887,000,135,255
888,000,134,255
889,000,133,255
890,000,132,255
891,000,131,255
892,000,130,255
893,000,129,255
894,000,128,255
895,000,127,255
896,000,126,255
897,000,125,255
898,000,124,255
899,000,123,255
900,000,122,255
901,000,121,255
902,000,120,255
903,000,119,255
904,000,118,255
905,000,117,255
906,000,116,255
907,000,115,255
908,000,114,255
909,000,113,255
910,000,112,255
911,000,111,255
912,000,110,255
913,000,109,255
914,000,108,255
915,000,107,255
916,000,106,255
917,000,105,255
918,000,104,255
919,000,103,255
920,000,102,255
921,000,101,255
922,000,100,255
923,000,099,255
924,000,098,255
925,000,097,255
926,000,096,255
927,000,095,255
928,000,094,255
929,000,093,255
930,000,092,255
931,000,091,255
932,000,090,255
933,000,089,255
934,000,088,255
935,000,087,255
936,000,086,255
937,000,085,255
938,000,084,255
939,000,083,255
940,000,082,255
941,000,081,255
942,000,080,255
943,000,079,255
944,000,078,255
945,000,077,255
946,000,076,255
947,000,075,255
948,000,074,255
949,000,073,255
950,000,072,255
951,000,071,255
952,000,070,255
953,000,069,255
954,000,068,255
955,000,067,255
956,000,066,255
957,000,065,255
958,000,064,255
959,000,063,255
960,000,062,255
961,000,061,255
962,000,060,255
963,000,059,255
964,000,058,255
965,000,057,255
966,000,056,255
967,000,055,255
968,000,054,255
969,000,053,255
970,000,052,255
971,000,051,255
972,000,050,255
973,000,049,255
974,000,048,255
975,000,047,255
976,000,046,255
977,000,045,255
978,000,044,255
979,000,043,255
980,000,042,255
981,000,041,255
982,000,040,255
983,000,039,255
984,000,038,255
985,000,037,255
986,000,036,255
987,000,035,255
988,000,034,255
989,000,033,255
990,000,032,255
991,000,031,255
992,000,030,255
993,000,029,255
994,000,028,255
995,000,027,255
996,000,026,255
997,000,025,255
998,000,024,255
999,000,023,255
1000,000,022,255
1001,000,021,255
1002,000,020,255
1003,000,019,255
1004,000,018,255
1005,000,017,255
1006,000,016,255
1007,000,015,255
1008,000,014,255
1009,000,013,255
1010,000,012,255
1011,000,011,255
1012,000,010,255
1013,000,009,255
1014,000,008,255
1015,000,007,255
1016,000,006,255
1017,000,005,255
1018,000,004,255
1019,000,003,255
1020,000,002,255
1021,000,001,255
1022,000,000,255
1023,001,000,255
1024,002,000,255
1025,003,000,255
1026,004,000,255
1027,005,000,255
1028,006,000,255
1029,007,000,255
1030,008,000,255
1031,009,000,255
1032,010,000,255
1033,011,000,255
1034,012,000,255
1035,013,000,255
1036,014,000,255
1037,015,000,255
1038,016,000,255
1039,017,000,255
1040,018,000,255
1041,019,000,255
1042,020,000,255
1043,021,000,255
1044,022,000,255
1045,023,000,255
1046,024,000,255
1047,025,000,255
1048,026,000,255
1049,027,000,255
1050,028,000,255
1051,029,000,255
1052,030,000,255
1053,031,000,255
1054,032,000,255
1055,033,000,255
1056,034,000,255
1057,035,000,255
1058,036,000,255
1059,037,000,255
1060,038,000,255
1061,039,000,255
1062,040,000,255
1063,041,000,255
1064,042,000,255
1065,043,000,255
1066,044,000,255
1067,045,000,255
1068,046,000,255
1069,047,000,255
1070,048,000,255
1071,049,000,255
1072,050,000,255
1073,051,000,255
1074,052,000,255
1075,053,000,255
1076,054,000,255
1077,055,000,255
1078,056,000,255
1079,057,000,255
1080,058,000,255
1081,059,000,255
1082,060,000,255
1083,061,000,255
1084,062,000,255
1085,063,000,255
1086,064,000,255
1087,065,000,255
1088,066,000,255
1089,067,000,255
1090,068,000,255
1091,069,000,255
1092,070,000,255
1093,071,000,255
1094,072,000,255
1095,073,000,255
1096,074,000,255
1097,075,000,255
1098,076,000,255
1099,077,000,255
1100,078,000,255
1101,079,000,255
1102,080,000,255
1103,081,000,255
1104,082,000,255
1105,083,000,255
1106,084,000,255
1107,085,000,255
1108,086,000,255
1109,087,000,255
1110,088,000,255
1111,089,000,255
1112,090,000,255
1113,091,000,255
1114,092,000,255
1115,093,000,255
1116,094,000,255
1117,095,000,255
1118,096,000,255
1119,097,000,255
1120,098,000,255
1121,099,000,255
1122,100,000,255
1123,101,000,255
1124,102,000,255
1125,103,000,255
1126,104,000,255
1127,105,000,255
1128,106,000,255
1129,107,000,255
1130,108,000,255
1131,109,000,255
1132,110,000,255
1133,111,000,255
1134,112,000,255
1135,113,000,255
1136,114,000,255
1137,115,000,255
1138,116,000,255
1139,117,000,255
1140,118,000,255
1141,119,000,255
1142,120,000,255
1143,121,000,255
1144,122,000,255
1145,123,000,255
1146,124,000,255
1147,125,000,255
1148,126,000,255
1149,127,000,255
1150,128,000,255
1151,129,000,255
1152,130,000,255
1153,131,000,255
1154,132,000,255
1155,133,000,255
1156,134,000,255
1157,135,000,255
1158,136,000,255
1159,137,000,255
1160,138,000,255
1161,139,000,255
1162,140,000,255
1163,141,000,255
1164,142,000,255
1165,143,000,255
1166,144,000,255
1167,145,000,255
1168,146,000,255
1169,147,000,255
1170,148,000,255
1171,149,000,255
1172,150,000,255
1173,151,000,255
1174,152,000,255
1175,153,000,255
1176,154,000,255
1177,155,000,255
1178,156,000,255
1179,157,000,255
1180,158,000,255
1181,159,000,255
1182,160,000,255
1183,161,000,255
1184,162,000,255
1185,163,000,255
1186,164,000,255
1187,165,000,255
1188,166,000,255
1189,167,000,255
1190,168,000,255
1191,169,000,255
1192,170,000,255
1193,171,000,255
1194,172,000,255
1195,173,000,255
1196,174,000,255
1197,175,000,255
1198,176,000,255
1199,177,000,255
1200,178,000,255
1201,179,000,255
1202,180,000,255
1203,181,000,255
1204,182,000,255
1205,183,000,255
1206,184,000,255
1207,185,000,255
1208,186,000,255
1209,187,000,255
1210,188,000,255
1211,189,000,255
1212,190,000,255
1213,191,000,255
1214,192,000,255
1215,193,000,255
1216,194,000,255
1217,195,000,255
1218,196,000,255
1219,197,000,255
1220,198,000,255
1221,199,000,255
1222,200,000,255
1223,201,000,255
1224,202,000,255
1225,203,000,255
1226,204,000,255
1227,205,000,255
1228,206,000,255
1229,207,000,255
1230,208,000,255
1231,209,000,255
1232,210,000,255
1233,211,000,255
1234,212,000,255
1235,213,000,255
1236,214,000,255
1237,215,000,255
1238,216,000,255
1239,217,000,255
1240,218,000,255
1241,219,000,255
1242,220,000,255
1243,221,000,255
1244,222,000,255
1245,223,000,255
1246,224,000,255
1247,225,000,255
1248,226,000,255
1249,227,000,255
1250,228,000,255
1251,229,000,255
1252,230,000,255
1253,231,000,255
1254,232,000,255
1255,233,000,255
1256,234,000,255
1257,235,000,255
1258,236,000,255
1259,237,000,255
1260,238,000,255
1261,239,000,255
1262,240,000,255
1263,241,000,255
1264,242,000,255
1265,243,000,255
1266,244,000,255
1267,245,000,255
1268,246,000,255
1269,247,000,255
1270,248,000,255
1271,249,000,255
1272,250,000,255
1273,251,000,255
1274,252,000,255
1275,253,000,255
1276,254,000,255
1277,255,000,255
1278,255,000,254
1279,255,000,253
1280,255,000,252
1281,255,000,251
1282,255,000,250
1283,255,000,249
1284,255,000,248
1285,255,000,247
1286,255,000,246
1287,255,000,245
1288,255,000,244
1289,255,000,243
1290,255,000,242
1291,255,000,241
1292,255,000,240
1293,255,000,239
1294,255,000,238
1295,255,000,237
1296,255,000,236
1297,255,000,235
1298,255,000,234
1299,255,000,233
1300,255,000,232
1301,255,000,231
1302,255,000,230
1303,255,000,229
1304,255,000,228
1305,255,000,227
1306,255,000,226
1307,255,000,225
1308,255,000,224
1309,255,000,223
1310,255,000,222
1311,255,000,221
1312,255,000,220
1313,255,000,219
1314,255,000,218
1315,255,000,217
1316,255,000,216
1317,255,000,215
1318,255,000,214
1319,255,000,213
1320,255,000,212
1321,255,000,211
1322,255,000,210
1323,255,000,209
1324,255,000,208
1325,255,000,207
1326,255,000,206
1327,255,000,205
1328,255,000,204
1329,255,000,203
1330,255,000,202
1331,255,000,201
1332,255,000,200
1333,255,000,199
1334,255,000,198
1335,255,000,197
1336,255,000,196
1337,255,000,195
1338,255,000,194
1339,255,000,193
1340,255,000,192
1341,255,000,191
1342,255,000,190
1343,255,000,189
1344,255,000,188
1345,255,000,187
1346,255,000,186
1347,255,000,185
1348,255,000,184
1349,255,000,183
1350,255,000,182
1351,255,000,181
1352,255,000,180
1353,255,000,179
1354,255,000,178
1355,255,000,177
1356,255,000,176
1357,255,000,175
1358,255,000,174
1359,255,000,173
1360,255,000,172
1361,255,000,171
1362,255,000,170
1363,255,000,169
1364,255,000,168
1365,255,000,167
1366,255,000,166
1367,255,000,165
1368,255,000,164
1369,255,000,163
1370,255,000,162
1371,255,000,161
1372,255,000,160
1373,255,000,159
1374,255,000,158
1375,255,000,157
1376,255,000,156
1377,255,000,155
1378,255,000,154
1379,255,000,153
1380,255,000,152
1381,255,000,151
1382,255,000,150
1383,255,000,149
1384,255,000,148
1385,255,000,147
1386,255,000,146
1387,255,000,145
1388,255,000,144
1389,255,000,143
1390,255,000,142
1391,255,000,141
1392,255,000,140
1393,255,000,139
1394,255,000,138
1395,255,000,137
1396,255,000,136
1397,255,000,135
1398,255,000,134
1399,255,000,133
1400,255,000,132
1401,255,000,131
1402,255,000,130
1403,255,000,129
1404,255,000,128
1405,255,000,127
1406,255,000,126
1407,255,000,125
1408,255,000,124
1409,255,000,123
1410,255,000,122
1411,255,000,121
1412,255,000,120
1413,255,000,119
1414,255,000,118
1415,255,000,117
1416,255,000,116
1417,255,000,115
1418,255,000,114
1419,255,000,113
1420,255,000,112
1421,255,000,111
1422,255,000,110
1423,255,000,109
1424,255,000,108
1425,255,000,107
1426,255,000,106
1427,255,000,105
1428,255,000,104
1429,255,000,103
1430,255,000,102
1431,255,000,101
1432,255,000,100
1433,255,000,099
1434,255,000,098
1435,255,000,097
1436,255,000,096
1437,255,000,095
1438,255,000,094
1439,255,000,093
1440,255,000,092
1441,255,000,091
1442,255,000,090
1443,255,000,089
1444,255,000,088
1445,255,000,087
1446,255,000,086
1447,255,000,085
1448,255,000,084
1449,255,000,083
1450,255,000,082
1451,255,000,081
1452,255,000,080
1453,255,000,079
1454,255,000,078
1455,255,000,077
1456,255,000,076
1457,255,000,075
1458,255,000,074
1459,255,000,073
1460,255,000,072
1461,255,000,071
1462,255,000,070
1463,255,000,069
1464,255,000,068
1465,255,000,067
1466,255,000,066
1467,255,000,065
1468,255,000,064
1469,255,000,063
1470,255,000,062
1471,255,000,061
1472,255,000,060
1473,255,000,059
1474,255,000,058
1475,255,000,057
1476,255,000,056
1477,255,000,055
1478,255,000,054
1479,255,000,053
1480,255,000,052
1481,255,000,051
1482,255,000,050
1483,255,000,049
1484,255,000,048
1485,255,000,047
1486,255,000,046
1487,255,000,045
1488,255,000,044
1489,255,000,043
1490,255,000,042
1491,255,000,041
1492,255,000,040
1493,255,000,039
1494,255,000,038
1495,255,000,037
1496,255,000,036
1497,255,000,035
1498,255,000,034
1499,255,000,033
1500,255,000,032
1501,255,000,031
1502,255,000,030
1503,255,000,029
1504,255,000,028
1505,255,000,027
1506,255,000,026
1507,255,000,025
1508,255,000,024
1509,255,000,023
1510,255,000,022
1511,255,000,021
1512,255,000,020
1513,255,000,019
1514,255,000,018
1515,255,000,017
1516,255,000,016
1517,255,000,015
1518,255,000,014
1519,255,000,013
1520,255,000,012
1521,255,000,011
1522,255,000,010
1523,255,000,009
1524,255,000,008
1525,255,000,007
1526,255,000,006
1527,255,000,005
1528,255,000,004
1529,255,000,003
1530,255,000,002
1531,255,000,001
